{"frames": [

{
	"filename": "AncientZombieWalkDown 0.png",
	"frame": {"x":593,"y":125,"w":30,"h":56},
	"rotated": false,
	"trimmed": true,
	"spriteSourceSize": {"x":24,"y":21,"w":30,"h":56},
	"sourceSize": {"w":72,"h":96}
},
{
	"filename": "AncientZombieWalkDown 1.png",
	"frame": {"x":237,"y":177,"w":27,"h":57},
	"rotated": true,
	"trimmed": true,
	"spriteSourceSize": {"x":24,"y":21,"w":27,"h":57},
	"sourceSize": {"w":72,"h":96}
},
{
	"filename": "AncientZombieWalkDown 2.png",
	"frame": {"x":710,"y":147,"w":30,"h":57},
	"rotated": true,
	"trimmed": true,
	"spriteSourceSize": {"x":24,"y":21,"w":30,"h":57},
	"sourceSize": {"w":72,"h":96}
},
{
	"filename": "AncientZombieWalkDown 3.png",
	"frame": {"x":1183,"y":94,"w":30,"h":56},
	"rotated": false,
	"trimmed": true,
	"spriteSourceSize": {"x":22,"y":21,"w":30,"h":56},
	"sourceSize": {"w":72,"h":96}
},
{
	"filename": "AncientZombieWalkDown 4.png",
	"frame": {"x":471,"y":178,"w":29,"h":56},
	"rotated": true,
	"trimmed": true,
	"spriteSourceSize": {"x":24,"y":21,"w":29,"h":56},
	"sourceSize": {"w":72,"h":96}
},
{
	"filename": "AncientZombieWalkDown 5.png",
	"frame": {"x":1513,"y":60,"w":31,"h":56},
	"rotated": true,
	"trimmed": true,
	"spriteSourceSize": {"x":24,"y":21,"w":31,"h":56},
	"sourceSize": {"w":72,"h":96}
},
{
	"filename": "AncientZombieWalkDown 6.png",
	"frame": {"x":1388,"y":146,"w":33,"h":56},
	"rotated": true,
	"trimmed": true,
	"spriteSourceSize": {"x":24,"y":21,"w":33,"h":56},
	"sourceSize": {"w":72,"h":96}
},
{
	"filename": "AncientZombieWalkDown 7.png",
	"frame": {"x":591,"y":183,"w":29,"h":56},
	"rotated": true,
	"trimmed": true,
	"spriteSourceSize": {"x":24,"y":21,"w":29,"h":56},
	"sourceSize": {"w":72,"h":96}
},
{
	"filename": "AncientZombieWalkUp 0.png",
	"frame": {"x":683,"y":117,"w":25,"h":58},
	"rotated": false,
	"trimmed": true,
	"spriteSourceSize": {"x":26,"y":20,"w":25,"h":58},
	"sourceSize": {"w":72,"h":96}
},
{
	"filename": "AncientZombieWalkUp 1.png",
	"frame": {"x":1446,"y":155,"w":25,"h":58},
	"rotated": true,
	"trimmed": true,
	"spriteSourceSize": {"x":26,"y":20,"w":25,"h":58},
	"sourceSize": {"w":72,"h":96}
},
{
	"filename": "AncientZombieWalkUp 2.png",
	"frame": {"x":1215,"y":150,"w":25,"h":57},
	"rotated": true,
	"trimmed": true,
	"spriteSourceSize": {"x":26,"y":20,"w":25,"h":57},
	"sourceSize": {"w":72,"h":96}
},
{
	"filename": "AncientZombieWalkUp 3.png",
	"frame": {"x":1506,"y":155,"w":25,"h":58},
	"rotated": true,
	"trimmed": true,
	"spriteSourceSize": {"x":26,"y":20,"w":25,"h":58},
	"sourceSize": {"w":72,"h":96}
},
{
	"filename": "AncientZombieWalkUp 4.png",
	"frame": {"x":1563,"y":215,"w":25,"h":57},
	"rotated": true,
	"trimmed": true,
	"spriteSourceSize": {"x":26,"y":20,"w":25,"h":57},
	"sourceSize": {"w":72,"h":96}
},
{
	"filename": "AncientZombieWalkUp 5.png",
	"frame": {"x":1566,"y":157,"w":25,"h":58},
	"rotated": true,
	"trimmed": true,
	"spriteSourceSize": {"x":26,"y":20,"w":25,"h":58},
	"sourceSize": {"w":72,"h":96}
},
{
	"filename": "AncientZombieWalkUp 6.png",
	"frame": {"x":1626,"y":161,"w":25,"h":58},
	"rotated": true,
	"trimmed": true,
	"spriteSourceSize": {"x":26,"y":20,"w":25,"h":58},
	"sourceSize": {"w":72,"h":96}
},
{
	"filename": "AncientZombieWalkUp 7.png",
	"frame": {"x":1214,"y":177,"w":26,"h":58},
	"rotated": true,
	"trimmed": true,
	"spriteSourceSize": {"x":25,"y":20,"w":26,"h":58},
	"sourceSize": {"w":72,"h":96}
},
{
	"filename": "DireGhostWolfWalkDown 0.png",
	"frame": {"x":117,"y":1,"w":60,"h":59},
	"rotated": false,
	"trimmed": true,
	"spriteSourceSize": {"x":8,"y":23,"w":60,"h":59},
	"sourceSize": {"w":72,"h":96}
},
{
	"filename": "DireGhostWolfWalkDown 1.png",
	"frame": {"x":175,"y":62,"w":60,"h":56},
	"rotated": false,
	"trimmed": true,
	"spriteSourceSize": {"x":8,"y":23,"w":60,"h":56},
	"sourceSize": {"w":72,"h":96}
},
{
	"filename": "DireGhostWolfWalkDown 2.png",
	"frame": {"x":629,"y":1,"w":63,"h":51},
	"rotated": false,
	"trimmed": true,
	"spriteSourceSize": {"x":5,"y":24,"w":63,"h":51},
	"sourceSize": {"w":72,"h":96}
},
{
	"filename": "DireGhostWolfWalkDown 3.png",
	"frame": {"x":428,"y":1,"w":65,"h":51},
	"rotated": false,
	"trimmed": true,
	"spriteSourceSize": {"x":3,"y":23,"w":65,"h":51},
	"sourceSize": {"w":72,"h":96}
},
{
	"filename": "DireGhostWolfWalkDown 4.png",
	"frame": {"x":120,"y":187,"w":61,"h":52},
	"rotated": true,
	"trimmed": true,
	"spriteSourceSize": {"x":7,"y":24,"w":61,"h":52},
	"sourceSize": {"w":72,"h":96}
},
{
	"filename": "DireGhostWolfWalkDown 5.png",
	"frame": {"x":304,"y":62,"w":58,"h":52},
	"rotated": false,
	"trimmed": true,
	"spriteSourceSize": {"x":10,"y":23,"w":58,"h":52},
	"sourceSize": {"w":72,"h":96}
},
{
	"filename": "DireGhostWolfWalkDown 6.png",
	"frame": {"x":831,"y":146,"w":58,"h":50},
	"rotated": true,
	"trimmed": true,
	"spriteSourceSize": {"x":10,"y":23,"w":58,"h":50},
	"sourceSize": {"w":72,"h":96}
},
{
	"filename": "DireGhostWolfWalkDown 7.png",
	"frame": {"x":353,"y":123,"w":58,"h":52},
	"rotated": false,
	"trimmed": true,
	"spriteSourceSize": {"x":10,"y":23,"w":58,"h":52},
	"sourceSize": {"w":72,"h":96}
},
{
	"filename": "DireGhostWolfWalkUp 0.png",
	"frame": {"x":768,"y":87,"w":56,"h":57},
	"rotated": false,
	"trimmed": true,
	"spriteSourceSize": {"x":9,"y":21,"w":56,"h":57},
	"sourceSize": {"w":72,"h":96}
},
{
	"filename": "DireGhostWolfWalkUp 1.png",
	"frame": {"x":59,"y":193,"w":55,"h":59},
	"rotated": true,
	"trimmed": true,
	"spriteSourceSize": {"x":10,"y":21,"w":55,"h":59},
	"sourceSize": {"w":72,"h":96}
},
{
	"filename": "DireGhostWolfWalkUp 2.png",
	"frame": {"x":59,"y":67,"w":56,"h":61},
	"rotated": false,
	"trimmed": true,
	"spriteSourceSize": {"x":9,"y":21,"w":56,"h":61},
	"sourceSize": {"w":72,"h":96}
},
{
	"filename": "DireGhostWolfWalkUp 3.png",
	"frame": {"x":1,"y":1,"w":56,"h":64},
	"rotated": false,
	"trimmed": true,
	"spriteSourceSize": {"x":9,"y":21,"w":56,"h":64},
	"sourceSize": {"w":72,"h":96}
},
{
	"filename": "DireGhostWolfWalkUp 4.png",
	"frame": {"x":117,"y":125,"w":56,"h":60},
	"rotated": false,
	"trimmed": true,
	"spriteSourceSize": {"x":9,"y":21,"w":56,"h":60},
	"sourceSize": {"w":72,"h":96}
},
{
	"filename": "DireGhostWolfWalkUp 5.png",
	"frame": {"x":1263,"y":1,"w":56,"h":58},
	"rotated": true,
	"trimmed": true,
	"spriteSourceSize": {"x":9,"y":21,"w":56,"h":58},
	"sourceSize": {"w":72,"h":96}
},
{
	"filename": "DireGhostWolfWalkUp 6.png",
	"frame": {"x":826,"y":89,"w":55,"h":57},
	"rotated": true,
	"trimmed": true,
	"spriteSourceSize": {"x":10,"y":21,"w":55,"h":57},
	"sourceSize": {"w":72,"h":96}
},
{
	"filename": "DireGhostWolfWalkUp 7.png",
	"frame": {"x":1323,"y":1,"w":58,"h":57},
	"rotated": false,
	"trimmed": true,
	"spriteSourceSize": {"x":10,"y":21,"w":58,"h":57},
	"sourceSize": {"w":72,"h":96}
},
{
	"filename": "DireZombieDogWalkDown 0.png",
	"frame": {"x":179,"y":1,"w":60,"h":59},
	"rotated": false,
	"trimmed": true,
	"spriteSourceSize": {"x":8,"y":23,"w":60,"h":59},
	"sourceSize": {"w":72,"h":96}
},
{
	"filename": "DireZombieDogWalkDown 1.png",
	"frame": {"x":175,"y":120,"w":60,"h":56},
	"rotated": false,
	"trimmed": true,
	"spriteSourceSize": {"x":8,"y":23,"w":60,"h":56},
	"sourceSize": {"w":72,"h":96}
},
{
	"filename": "DireZombieDogWalkDown 2.png",
	"frame": {"x":694,"y":1,"w":63,"h":51},
	"rotated": false,
	"trimmed": true,
	"spriteSourceSize": {"x":5,"y":24,"w":63,"h":51},
	"sourceSize": {"w":72,"h":96}
},
{
	"filename": "DireZombieDogWalkDown 3.png",
	"frame": {"x":237,"y":62,"w":65,"h":51},
	"rotated": false,
	"trimmed": true,
	"spriteSourceSize": {"x":3,"y":23,"w":65,"h":51},
	"sourceSize": {"w":72,"h":96}
},
{
	"filename": "DireZombieDogWalkDown 4.png",
	"frame": {"x":174,"y":187,"w":61,"h":52},
	"rotated": true,
	"trimmed": true,
	"spriteSourceSize": {"x":7,"y":24,"w":61,"h":52},
	"sourceSize": {"w":72,"h":96}
},
{
	"filename": "DireZombieDogWalkDown 5.png",
	"frame": {"x":413,"y":123,"w":58,"h":52},
	"rotated": false,
	"trimmed": true,
	"spriteSourceSize": {"x":10,"y":23,"w":58,"h":52},
	"sourceSize": {"w":72,"h":96}
},
{
	"filename": "DireZombieDogWalkDown 6.png",
	"frame": {"x":1274,"y":95,"w":58,"h":50},
	"rotated": true,
	"trimmed": true,
	"spriteSourceSize": {"x":10,"y":23,"w":58,"h":50},
	"sourceSize": {"w":72,"h":96}
},
{
	"filename": "DireZombieDogWalkDown 7.png",
	"frame": {"x":473,"y":124,"w":58,"h":52},
	"rotated": false,
	"trimmed": true,
	"spriteSourceSize": {"x":10,"y":23,"w":58,"h":52},
	"sourceSize": {"w":72,"h":96}
},
{
	"filename": "DireZombieDogWalkUp 0.png",
	"frame": {"x":885,"y":89,"w":56,"h":57},
	"rotated": true,
	"trimmed": true,
	"spriteSourceSize": {"x":9,"y":21,"w":56,"h":57},
	"sourceSize": {"w":72,"h":96}
},
{
	"filename": "DireZombieDogWalkUp 1.png",
	"frame": {"x":1563,"y":1,"w":55,"h":59},
	"rotated": true,
	"trimmed": true,
	"spriteSourceSize": {"x":10,"y":21,"w":55,"h":59},
	"sourceSize": {"w":72,"h":96}
},
{
	"filename": "DireZombieDogWalkUp 2.png",
	"frame": {"x":117,"y":62,"w":56,"h":61},
	"rotated": false,
	"trimmed": true,
	"spriteSourceSize": {"x":9,"y":21,"w":56,"h":61},
	"sourceSize": {"w":72,"h":96}
},
{
	"filename": "DireZombieDogWalkUp 3.png",
	"frame": {"x":1,"y":67,"w":56,"h":64},
	"rotated": false,
	"trimmed": true,
	"spriteSourceSize": {"x":9,"y":21,"w":56,"h":64},
	"sourceSize": {"w":72,"h":96}
},
{
	"filename": "DireZombieDogWalkUp 4.png",
	"frame": {"x":237,"y":115,"w":56,"h":60},
	"rotated": false,
	"trimmed": true,
	"spriteSourceSize": {"x":9,"y":21,"w":56,"h":60},
	"sourceSize": {"w":72,"h":96}
},
{
	"filename": "DireZombieDogWalkUp 5.png",
	"frame": {"x":295,"y":116,"w":56,"h":58},
	"rotated": false,
	"trimmed": true,
	"spriteSourceSize": {"x":9,"y":21,"w":56,"h":58},
	"sourceSize": {"w":72,"h":96}
},
{
	"filename": "DireZombieDogWalkUp 6.png",
	"frame": {"x":944,"y":92,"w":55,"h":57},
	"rotated": true,
	"trimmed": true,
	"spriteSourceSize": {"x":10,"y":21,"w":55,"h":57},
	"sourceSize": {"w":72,"h":96}
},
{
	"filename": "DireZombieDogWalkUp 7.png",
	"frame": {"x":1383,"y":1,"w":58,"h":57},
	"rotated": false,
	"trimmed": true,
	"spriteSourceSize": {"x":10,"y":21,"w":58,"h":57},
	"sourceSize": {"w":72,"h":96}
},
{
	"filename": "GhostDogWalkDown 0.png",
	"frame": {"x":968,"y":206,"w":41,"h":40},
	"rotated": true,
	"trimmed": true,
	"spriteSourceSize": {"x":20,"y":47,"w":41,"h":40},
	"sourceSize": {"w":72,"h":96}
},
{
	"filename": "GhostDogWalkDown 1.png",
	"frame": {"x":890,"y":206,"w":42,"h":38},
	"rotated": true,
	"trimmed": true,
	"spriteSourceSize": {"x":19,"y":47,"w":42,"h":38},
	"sourceSize": {"w":72,"h":96}
},
{
	"filename": "GhostDogWalkDown 2.png",
	"frame": {"x":1695,"y":58,"w":44,"h":36},
	"rotated": false,
	"trimmed": true,
	"spriteSourceSize": {"x":17,"y":47,"w":44,"h":36},
	"sourceSize": {"w":72,"h":96}
},
{
	"filename": "GhostDogWalkDown 3.png",
	"frame": {"x":1274,"y":59,"w":45,"h":34},
	"rotated": false,
	"trimmed": true,
	"spriteSourceSize": {"x":16,"y":47,"w":45,"h":34},
	"sourceSize": {"w":72,"h":96}
},
{
	"filename": "GhostDogWalkDown 4.png",
	"frame": {"x":930,"y":206,"w":42,"h":36},
	"rotated": true,
	"trimmed": true,
	"spriteSourceSize": {"x":19,"y":47,"w":42,"h":36},
	"sourceSize": {"w":72,"h":96}
},
{
	"filename": "GhostDogWalkDown 5.png",
	"frame": {"x":1342,"y":208,"w":40,"h":35},
	"rotated": true,
	"trimmed": true,
	"spriteSourceSize": {"x":21,"y":47,"w":40,"h":35},
	"sourceSize": {"w":72,"h":96}
},
{
	"filename": "GhostDogWalkDown 6.png",
	"frame": {"x":576,"y":214,"w":40,"h":34},
	"rotated": false,
	"trimmed": true,
	"spriteSourceSize": {"x":21,"y":47,"w":40,"h":34},
	"sourceSize": {"w":72,"h":96}
},
{
	"filename": "GhostDogWalkDown 7.png",
	"frame": {"x":1304,"y":208,"w":40,"h":36},
	"rotated": true,
	"trimmed": true,
	"spriteSourceSize": {"x":21,"y":47,"w":40,"h":36},
	"sourceSize": {"w":72,"h":96}
},
{
	"filename": "GhostDogWalkUp 0.png",
	"frame": {"x":393,"y":209,"w":39,"h":39},
	"rotated": false,
	"trimmed": true,
	"spriteSourceSize": {"x":20,"y":37,"w":39,"h":39},
	"sourceSize": {"w":72,"h":96}
},
{
	"filename": "GhostDogWalkUp 1.png",
	"frame": {"x":1274,"y":155,"w":38,"h":41},
	"rotated": true,
	"trimmed": true,
	"spriteSourceSize": {"x":21,"y":37,"w":38,"h":41},
	"sourceSize": {"w":72,"h":96}
},
{
	"filename": "GhostDogWalkUp 2.png",
	"frame": {"x":228,"y":206,"w":39,"h":42},
	"rotated": false,
	"trimmed": true,
	"spriteSourceSize": {"x":20,"y":37,"w":39,"h":42},
	"sourceSize": {"w":72,"h":96}
},
{
	"filename": "GhostDogWalkUp 3.png",
	"frame": {"x":310,"y":204,"w":39,"h":44},
	"rotated": false,
	"trimmed": true,
	"spriteSourceSize": {"x":20,"y":37,"w":39,"h":44},
	"sourceSize": {"w":72,"h":96}
},
{
	"filename": "GhostDogWalkUp 4.png",
	"frame": {"x":269,"y":206,"w":39,"h":42},
	"rotated": false,
	"trimmed": true,
	"spriteSourceSize": {"x":20,"y":37,"w":39,"h":42},
	"sourceSize": {"w":72,"h":96}
},
{
	"filename": "GhostDogWalkUp 5.png",
	"frame": {"x":351,"y":209,"w":39,"h":40},
	"rotated": true,
	"trimmed": true,
	"spriteSourceSize": {"x":20,"y":37,"w":39,"h":40},
	"sourceSize": {"w":72,"h":96}
},
{
	"filename": "GhostDogWalkUp 6.png",
	"frame": {"x":475,"y":209,"w":38,"h":39},
	"rotated": false,
	"trimmed": true,
	"spriteSourceSize": {"x":21,"y":37,"w":38,"h":39},
	"sourceSize": {"w":72,"h":96}
},
{
	"filename": "GhostDogWalkUp 7.png",
	"frame": {"x":434,"y":209,"w":39,"h":39},
	"rotated": false,
	"trimmed": true,
	"spriteSourceSize": {"x":21,"y":37,"w":39,"h":39},
	"sourceSize": {"w":72,"h":96}
},
{
	"filename": "GhostWolfWalkDown 0.png",
	"frame": {"x":241,"y":1,"w":60,"h":59},
	"rotated": false,
	"trimmed": true,
	"spriteSourceSize": {"x":8,"y":23,"w":60,"h":59},
	"sourceSize": {"w":72,"h":96}
},
{
	"filename": "GhostWolfWalkDown 1.png",
	"frame": {"x":1015,"y":1,"w":60,"h":56},
	"rotated": false,
	"trimmed": true,
	"spriteSourceSize": {"x":8,"y":23,"w":60,"h":56},
	"sourceSize": {"w":72,"h":96}
},
{
	"filename": "GhostWolfWalkDown 2.png",
	"frame": {"x":759,"y":1,"w":63,"h":51},
	"rotated": false,
	"trimmed": true,
	"spriteSourceSize": {"x":5,"y":24,"w":63,"h":51},
	"sourceSize": {"w":72,"h":96}
},
{
	"filename": "GhostWolfWalkDown 3.png",
	"frame": {"x":495,"y":1,"w":65,"h":51},
	"rotated": false,
	"trimmed": true,
	"spriteSourceSize": {"x":3,"y":23,"w":65,"h":51},
	"sourceSize": {"w":72,"h":96}
},
{
	"filename": "GhostWolfWalkDown 4.png",
	"frame": {"x":889,"y":1,"w":61,"h":52},
	"rotated": false,
	"trimmed": true,
	"spriteSourceSize": {"x":7,"y":24,"w":61,"h":52},
	"sourceSize": {"w":72,"h":96}
},
{
	"filename": "GhostWolfWalkDown 5.png",
	"frame": {"x":533,"y":125,"w":58,"h":52},
	"rotated": false,
	"trimmed": true,
	"spriteSourceSize": {"x":10,"y":23,"w":58,"h":52},
	"sourceSize": {"w":72,"h":96}
},
{
	"filename": "GhostWolfWalkDown 6.png",
	"frame": {"x":1326,"y":94,"w":58,"h":50},
	"rotated": false,
	"trimmed": true,
	"spriteSourceSize": {"x":10,"y":23,"w":58,"h":50},
	"sourceSize": {"w":72,"h":96}
},
{
	"filename": "GhostWolfWalkDown 7.png",
	"frame": {"x":1003,"y":94,"w":58,"h":52},
	"rotated": false,
	"trimmed": true,
	"spriteSourceSize": {"x":10,"y":23,"w":58,"h":52},
	"sourceSize": {"w":72,"h":96}
},
{
	"filename": "GhostWolfWalkUp 0.png",
	"frame": {"x":883,"y":147,"w":56,"h":57},
	"rotated": false,
	"trimmed": true,
	"spriteSourceSize": {"x":9,"y":21,"w":56,"h":57},
	"sourceSize": {"w":72,"h":96}
},
{
	"filename": "GhostWolfWalkUp 1.png",
	"frame": {"x":1624,"y":1,"w":55,"h":59},
	"rotated": true,
	"trimmed": true,
	"spriteSourceSize": {"x":10,"y":21,"w":55,"h":59},
	"sourceSize": {"w":72,"h":96}
},
{
	"filename": "GhostWolfWalkUp 2.png",
	"frame": {"x":365,"y":1,"w":56,"h":61},
	"rotated": true,
	"trimmed": true,
	"spriteSourceSize": {"x":9,"y":21,"w":56,"h":61},
	"sourceSize": {"w":72,"h":96}
},
{
	"filename": "GhostWolfWalkUp 3.png",
	"frame": {"x":59,"y":1,"w":56,"h":64},
	"rotated": false,
	"trimmed": true,
	"spriteSourceSize": {"x":9,"y":21,"w":56,"h":64},
	"sourceSize": {"w":72,"h":96}
},
{
	"filename": "GhostWolfWalkUp 4.png",
	"frame": {"x":1139,"y":1,"w":56,"h":60},
	"rotated": true,
	"trimmed": true,
	"spriteSourceSize": {"x":9,"y":21,"w":56,"h":60},
	"sourceSize": {"w":72,"h":96}
},
{
	"filename": "GhostWolfWalkUp 5.png",
	"frame": {"x":625,"y":117,"w":56,"h":58},
	"rotated": false,
	"trimmed": true,
	"spriteSourceSize": {"x":9,"y":21,"w":56,"h":58},
	"sourceSize": {"w":72,"h":96}
},
{
	"filename": "GhostWolfWalkUp 6.png",
	"frame": {"x":941,"y":149,"w":55,"h":57},
	"rotated": true,
	"trimmed": true,
	"spriteSourceSize": {"x":10,"y":21,"w":55,"h":57},
	"sourceSize": {"w":72,"h":96}
},
{
	"filename": "GhostWolfWalkUp 7.png",
	"frame": {"x":1443,"y":1,"w":58,"h":57},
	"rotated": false,
	"trimmed": true,
	"spriteSourceSize": {"x":10,"y":21,"w":58,"h":57},
	"sourceSize": {"w":72,"h":96}
},
{
	"filename": "LichKingWalkDown 0.png",
	"frame": {"x":1746,"y":1,"w":33,"h":68},
	"rotated": true,
	"trimmed": true,
	"spriteSourceSize": {"x":22,"y":14,"w":33,"h":68},
	"sourceSize": {"w":72,"h":96}
},
{
	"filename": "LichKingWalkDown 1.png",
	"frame": {"x":694,"y":54,"w":31,"h":64},
	"rotated": true,
	"trimmed": true,
	"spriteSourceSize": {"x":24,"y":14,"w":31,"h":64},
	"sourceSize": {"w":72,"h":96}
},
{
	"filename": "LichKingWalkDown 2.png",
	"frame": {"x":562,"y":54,"w":35,"h":64},
	"rotated": true,
	"trimmed": true,
	"spriteSourceSize": {"x":24,"y":14,"w":35,"h":64},
	"sourceSize": {"w":72,"h":96}
},
{
	"filename": "LichKingWalkDown 3.png",
	"frame": {"x":889,"y":55,"w":32,"h":63},
	"rotated": true,
	"trimmed": true,
	"spriteSourceSize": {"x":23,"y":14,"w":32,"h":63},
	"sourceSize": {"w":72,"h":96}
},
{
	"filename": "LichKingWalkDown 4.png",
	"frame": {"x":826,"y":54,"w":33,"h":61},
	"rotated": true,
	"trimmed": true,
	"spriteSourceSize": {"x":22,"y":14,"w":33,"h":61},
	"sourceSize": {"w":72,"h":96}
},
{
	"filename": "LichKingWalkDown 5.png",
	"frame": {"x":428,"y":54,"w":33,"h":65},
	"rotated": true,
	"trimmed": true,
	"spriteSourceSize": {"x":22,"y":14,"w":33,"h":65},
	"sourceSize": {"w":72,"h":96}
},
{
	"filename": "LichKingWalkDown 6.png",
	"frame": {"x":495,"y":54,"w":35,"h":65},
	"rotated": true,
	"trimmed": true,
	"spriteSourceSize": {"x":20,"y":14,"w":35,"h":65},
	"sourceSize": {"w":72,"h":96}
},
{
	"filename": "LichKingWalkDown 7.png",
	"frame": {"x":1746,"y":36,"w":32,"h":67},
	"rotated": true,
	"trimmed": true,
	"spriteSourceSize": {"x":23,"y":14,"w":32,"h":67},
	"sourceSize": {"w":72,"h":96}
},
{
	"filename": "LichKingWalkUp 0.png",
	"frame": {"x":760,"y":54,"w":31,"h":64},
	"rotated": true,
	"trimmed": true,
	"spriteSourceSize": {"x":25,"y":13,"w":31,"h":64},
	"sourceSize": {"w":72,"h":96}
},
{
	"filename": "LichKingWalkUp 1.png",
	"frame": {"x":628,"y":54,"w":32,"h":64},
	"rotated": true,
	"trimmed": true,
	"spriteSourceSize": {"x":25,"y":13,"w":32,"h":64},
	"sourceSize": {"w":72,"h":96}
},
{
	"filename": "LichKingWalkUp 2.png",
	"frame": {"x":1145,"y":59,"w":33,"h":62},
	"rotated": true,
	"trimmed": true,
	"spriteSourceSize": {"x":25,"y":13,"w":33,"h":62},
	"sourceSize": {"w":72,"h":96}
},
{
	"filename": "LichKingWalkUp 3.png",
	"frame": {"x":364,"y":91,"w":30,"h":63},
	"rotated": true,
	"trimmed": true,
	"spriteSourceSize": {"x":25,"y":13,"w":30,"h":63},
	"sourceSize": {"w":72,"h":96}
},
{
	"filename": "LichKingWalkUp 4.png",
	"frame": {"x":628,"y":88,"w":27,"h":61},
	"rotated": true,
	"trimmed": true,
	"spriteSourceSize": {"x":25,"y":13,"w":27,"h":61},
	"sourceSize": {"w":72,"h":96}
},
{
	"filename": "LichKingWalkUp 5.png",
	"frame": {"x":1326,"y":146,"w":26,"h":60},
	"rotated": true,
	"trimmed": true,
	"spriteSourceSize": {"x":25,"y":13,"w":26,"h":60},
	"sourceSize": {"w":72,"h":96}
},
{
	"filename": "LichKingWalkUp 6.png",
	"frame": {"x":1632,"y":95,"w":31,"h":58},
	"rotated": true,
	"trimmed": true,
	"spriteSourceSize": {"x":25,"y":13,"w":31,"h":58},
	"sourceSize": {"w":72,"h":96}
},
{
	"filename": "LichKingWalkUp 7.png",
	"frame": {"x":769,"y":218,"w":30,"h":59},
	"rotated": true,
	"trimmed": true,
	"spriteSourceSize": {"x":25,"y":13,"w":30,"h":59},
	"sourceSize": {"w":72,"h":96}
},
{
	"filename": "LichLordWalkDown 0.png",
	"frame": {"x":1015,"y":59,"w":33,"h":63},
	"rotated": true,
	"trimmed": true,
	"spriteSourceSize": {"x":22,"y":19,"w":33,"h":63},
	"sourceSize": {"w":72,"h":96}
},
{
	"filename": "LichLordWalkDown 1.png",
	"frame": {"x":1446,"y":94,"w":31,"h":59},
	"rotated": false,
	"trimmed": true,
	"spriteSourceSize": {"x":24,"y":19,"w":31,"h":59},
	"sourceSize": {"w":72,"h":96}
},
{
	"filename": "LichLordWalkDown 2.png",
	"frame": {"x":954,"y":55,"w":35,"h":59},
	"rotated": true,
	"trimmed": true,
	"spriteSourceSize": {"x":24,"y":19,"w":35,"h":59},
	"sourceSize": {"w":72,"h":96}
},
{
	"filename": "LichLordWalkDown 3.png",
	"frame": {"x":1479,"y":93,"w":32,"h":58},
	"rotated": false,
	"trimmed": true,
	"spriteSourceSize": {"x":23,"y":19,"w":32,"h":58},
	"sourceSize": {"w":72,"h":96}
},
{
	"filename": "LichLordWalkDown 4.png",
	"frame": {"x":1574,"y":93,"w":33,"h":56},
	"rotated": true,
	"trimmed": true,
	"spriteSourceSize": {"x":22,"y":19,"w":33,"h":56},
	"sourceSize": {"w":72,"h":96}
},
{
	"filename": "LichLordWalkDown 5.png",
	"frame": {"x":1571,"y":58,"w":33,"h":60},
	"rotated": true,
	"trimmed": true,
	"spriteSourceSize": {"x":22,"y":19,"w":33,"h":60},
	"sourceSize": {"w":72,"h":96}
},
{
	"filename": "LichLordWalkDown 6.png",
	"frame": {"x":1633,"y":58,"w":35,"h":60},
	"rotated": true,
	"trimmed": true,
	"spriteSourceSize": {"x":20,"y":19,"w":35,"h":60},
	"sourceSize": {"w":72,"h":96}
},
{
	"filename": "LichLordWalkDown 7.png",
	"frame": {"x":429,"y":89,"w":32,"h":62},
	"rotated": true,
	"trimmed": true,
	"spriteSourceSize": {"x":23,"y":19,"w":32,"h":62},
	"sourceSize": {"w":72,"h":96}
},
{
	"filename": "LichLordWalkUp 0.png",
	"frame": {"x":493,"y":91,"w":31,"h":62},
	"rotated": true,
	"trimmed": true,
	"spriteSourceSize": {"x":25,"y":15,"w":31,"h":62},
	"sourceSize": {"w":72,"h":96}
},
{
	"filename": "LichLordWalkUp 1.png",
	"frame": {"x":557,"y":91,"w":32,"h":62},
	"rotated": true,
	"trimmed": true,
	"spriteSourceSize": {"x":25,"y":15,"w":32,"h":62},
	"sourceSize": {"w":72,"h":96}
},
{
	"filename": "LichLordWalkUp 2.png",
	"frame": {"x":769,"y":146,"w":33,"h":60},
	"rotated": true,
	"trimmed": true,
	"spriteSourceSize": {"x":25,"y":15,"w":33,"h":60},
	"sourceSize": {"w":72,"h":96}
},
{
	"filename": "LichLordWalkUp 3.png",
	"frame": {"x":365,"y":59,"w":30,"h":61},
	"rotated": true,
	"trimmed": true,
	"spriteSourceSize": {"x":25,"y":15,"w":30,"h":61},
	"sourceSize": {"w":72,"h":96}
},
{
	"filename": "LichLordWalkUp 4.png",
	"frame": {"x":1513,"y":126,"w":27,"h":59},
	"rotated": true,
	"trimmed": true,
	"spriteSourceSize": {"x":25,"y":15,"w":27,"h":59},
	"sourceSize": {"w":72,"h":96}
},
{
	"filename": "LichLordWalkUp 5.png",
	"frame": {"x":1622,"y":215,"w":26,"h":58},
	"rotated": true,
	"trimmed": true,
	"spriteSourceSize": {"x":25,"y":15,"w":26,"h":58},
	"sourceSize": {"w":72,"h":96}
},
{
	"filename": "LichLordWalkUp 6.png",
	"frame": {"x":1635,"y":128,"w":31,"h":56},
	"rotated": true,
	"trimmed": true,
	"spriteSourceSize": {"x":25,"y":15,"w":31,"h":56},
	"sourceSize": {"w":72,"h":96}
},
{
	"filename": "LichLordWalkUp 7.png",
	"frame": {"x":1010,"y":218,"w":30,"h":57},
	"rotated": true,
	"trimmed": true,
	"spriteSourceSize": {"x":25,"y":15,"w":30,"h":57},
	"sourceSize": {"w":72,"h":96}
},
{
	"filename": "LichWalkDown 0.png",
	"frame": {"x":1080,"y":59,"w":33,"h":63},
	"rotated": true,
	"trimmed": true,
	"spriteSourceSize": {"x":22,"y":19,"w":33,"h":63},
	"sourceSize": {"w":72,"h":96}
},
{
	"filename": "LichWalkDown 1.png",
	"frame": {"x":1513,"y":93,"w":31,"h":59},
	"rotated": true,
	"trimmed": true,
	"spriteSourceSize": {"x":24,"y":19,"w":31,"h":59},
	"sourceSize": {"w":72,"h":96}
},
{
	"filename": "LichWalkDown 2.png",
	"frame": {"x":649,"y":177,"w":35,"h":59},
	"rotated": true,
	"trimmed": true,
	"spriteSourceSize": {"x":24,"y":19,"w":35,"h":59},
	"sourceSize": {"w":72,"h":96}
},
{
	"filename": "LichWalkDown 3.png",
	"frame": {"x":1027,"y":148,"w":32,"h":58},
	"rotated": true,
	"trimmed": true,
	"spriteSourceSize": {"x":23,"y":19,"w":32,"h":58},
	"sourceSize": {"w":72,"h":96}
},
{
	"filename": "LichWalkDown 4.png",
	"frame": {"x":1148,"y":148,"w":33,"h":56},
	"rotated": false,
	"trimmed": true,
	"spriteSourceSize": {"x":22,"y":19,"w":33,"h":56},
	"sourceSize": {"w":72,"h":96}
},
{
	"filename": "LichWalkDown 5.png",
	"frame": {"x":529,"y":179,"w":33,"h":60},
	"rotated": true,
	"trimmed": true,
	"spriteSourceSize": {"x":22,"y":19,"w":33,"h":60},
	"sourceSize": {"w":72,"h":96}
},
{
	"filename": "LichWalkDown 6.png",
	"frame": {"x":769,"y":181,"w":35,"h":60},
	"rotated": true,
	"trimmed": true,
	"spriteSourceSize": {"x":20,"y":19,"w":35,"h":60},
	"sourceSize": {"w":72,"h":96}
},
{
	"filename": "LichWalkDown 7.png",
	"frame": {"x":1321,"y":60,"w":32,"h":62},
	"rotated": true,
	"trimmed": true,
	"spriteSourceSize": {"x":23,"y":19,"w":32,"h":62},
	"sourceSize": {"w":72,"h":96}
},
{
	"filename": "LichWalkUp 0.png",
	"frame": {"x":1449,"y":60,"w":31,"h":62},
	"rotated": true,
	"trimmed": true,
	"spriteSourceSize": {"x":25,"y":15,"w":31,"h":62},
	"sourceSize": {"w":72,"h":96}
},
{
	"filename": "LichWalkUp 1.png",
	"frame": {"x":1385,"y":60,"w":32,"h":62},
	"rotated": true,
	"trimmed": true,
	"spriteSourceSize": {"x":25,"y":15,"w":32,"h":62},
	"sourceSize": {"w":72,"h":96}
},
{
	"filename": "LichWalkUp 2.png",
	"frame": {"x":618,"y":214,"w":33,"h":60},
	"rotated": true,
	"trimmed": true,
	"spriteSourceSize": {"x":25,"y":15,"w":33,"h":60},
	"sourceSize": {"w":72,"h":96}
},
{
	"filename": "LichWalkUp 3.png",
	"frame": {"x":353,"y":177,"w":30,"h":61},
	"rotated": true,
	"trimmed": true,
	"spriteSourceSize": {"x":25,"y":15,"w":30,"h":61},
	"sourceSize": {"w":72,"h":96}
},
{
	"filename": "LichWalkUp 4.png",
	"frame": {"x":1574,"y":128,"w":27,"h":59},
	"rotated": true,
	"trimmed": true,
	"spriteSourceSize": {"x":25,"y":15,"w":27,"h":59},
	"sourceSize": {"w":72,"h":96}
},
{
	"filename": "LichWalkUp 5.png",
	"frame": {"x":1693,"y":96,"w":26,"h":58},
	"rotated": false,
	"trimmed": true,
	"spriteSourceSize": {"x":25,"y":15,"w":26,"h":58},
	"sourceSize": {"w":72,"h":96}
},
{
	"filename": "LichWalkUp 6.png",
	"frame": {"x":1441,"y":217,"w":31,"h":56},
	"rotated": true,
	"trimmed": true,
	"spriteSourceSize": {"x":25,"y":15,"w":31,"h":56},
	"sourceSize": {"w":72,"h":96}
},
{
	"filename": "LichWalkUp 7.png",
	"frame": {"x":1069,"y":218,"w":30,"h":57},
	"rotated": true,
	"trimmed": true,
	"spriteSourceSize": {"x":25,"y":15,"w":30,"h":57},
	"sourceSize": {"w":72,"h":96}
},
{
	"filename": "SkeletonWalkDown 0.png",
	"frame": {"x":1209,"y":59,"w":32,"h":63},
	"rotated": true,
	"trimmed": true,
	"spriteSourceSize": {"x":22,"y":19,"w":32,"h":63},
	"sourceSize": {"w":72,"h":96}
},
{
	"filename": "SkeletonWalkDown 1.png",
	"frame": {"x":1027,"y":182,"w":27,"h":59},
	"rotated": true,
	"trimmed": true,
	"spriteSourceSize": {"x":24,"y":19,"w":27,"h":59},
	"sourceSize": {"w":72,"h":96}
},
{
	"filename": "SkeletonWalkDown 2.png",
	"frame": {"x":515,"y":214,"w":34,"h":59},
	"rotated": true,
	"trimmed": true,
	"spriteSourceSize": {"x":25,"y":19,"w":34,"h":59},
	"sourceSize": {"w":72,"h":96}
},
{
	"filename": "SkeletonWalkDown 3.png",
	"frame": {"x":1087,"y":148,"w":32,"h":58},
	"rotated": true,
	"trimmed": true,
	"spriteSourceSize": {"x":23,"y":19,"w":32,"h":58},
	"sourceSize": {"w":72,"h":96}
},
{
	"filename": "SkeletonWalkDown 4.png",
	"frame": {"x":1183,"y":152,"w":29,"h":56},
	"rotated": false,
	"trimmed": true,
	"spriteSourceSize": {"x":22,"y":19,"w":29,"h":56},
	"sourceSize": {"w":72,"h":96}
},
{
	"filename": "SkeletonWalkDown 5.png",
	"frame": {"x":1317,"y":174,"w":32,"h":60},
	"rotated": true,
	"trimmed": true,
	"spriteSourceSize": {"x":22,"y":19,"w":32,"h":60},
	"sourceSize": {"w":72,"h":96}
},
{
	"filename": "SkeletonWalkDown 6.png",
	"frame": {"x":1379,"y":181,"w":35,"h":60},
	"rotated": true,
	"trimmed": true,
	"spriteSourceSize": {"x":20,"y":19,"w":35,"h":60},
	"sourceSize": {"w":72,"h":96}
},
{
	"filename": "SkeletonWalkDown 7.png",
	"frame": {"x":1741,"y":70,"w":29,"h":62},
	"rotated": true,
	"trimmed": true,
	"spriteSourceSize": {"x":23,"y":19,"w":29,"h":62},
	"sourceSize": {"w":72,"h":96}
},
{
	"filename": "SkeletonWalkUp 0.png",
	"frame": {"x":830,"y":218,"w":30,"h":58},
	"rotated": true,
	"trimmed": true,
	"spriteSourceSize": {"x":26,"y":19,"w":30,"h":58},
	"sourceSize": {"w":72,"h":96}
},
{
	"filename": "SkeletonWalkUp 1.png",
	"frame": {"x":1088,"y":182,"w":32,"h":58},
	"rotated": true,
	"trimmed": true,
	"spriteSourceSize": {"x":25,"y":19,"w":32,"h":58},
	"sourceSize": {"w":72,"h":96}
},
{
	"filename": "SkeletonWalkUp 2.png",
	"frame": {"x":1,"y":199,"w":34,"h":56},
	"rotated": true,
	"trimmed": true,
	"spriteSourceSize": {"x":24,"y":19,"w":34,"h":56},
	"sourceSize": {"w":72,"h":96}
},
{
	"filename": "SkeletonWalkUp 3.png",
	"frame": {"x":1128,"y":218,"w":30,"h":57},
	"rotated": true,
	"trimmed": true,
	"spriteSourceSize": {"x":25,"y":19,"w":30,"h":57},
	"sourceSize": {"w":72,"h":96}
},
{
	"filename": "SkeletonWalkUp 4.png",
	"frame": {"x":296,"y":176,"w":26,"h":55},
	"rotated": true,
	"trimmed": true,
	"spriteSourceSize": {"x":26,"y":19,"w":26,"h":55},
	"sourceSize": {"w":72,"h":96}
},
{
	"filename": "SkeletonWalkUp 5.png",
	"frame": {"x":1000,"y":152,"w":25,"h":52},
	"rotated": false,
	"trimmed": true,
	"spriteSourceSize": {"x":26,"y":19,"w":25,"h":52},
	"sourceSize": {"w":72,"h":96}
},
{
	"filename": "SkeletonWalkUp 6.png",
	"frame": {"x":1682,"y":219,"w":29,"h":52},
	"rotated": true,
	"trimmed": true,
	"spriteSourceSize": {"x":27,"y":19,"w":29,"h":52},
	"sourceSize": {"w":72,"h":96}
},
{
	"filename": "SkeletonWalkUp 7.png",
	"frame": {"x":416,"y":177,"w":30,"h":53},
	"rotated": true,
	"trimmed": true,
	"spriteSourceSize": {"x":25,"y":19,"w":30,"h":53},
	"sourceSize": {"w":72,"h":96}
},
{
	"filename": "ZombieDogWalkDown 0.png",
	"frame": {"x":303,"y":1,"w":60,"h":59},
	"rotated": false,
	"trimmed": true,
	"spriteSourceSize": {"x":8,"y":23,"w":60,"h":59},
	"sourceSize": {"w":72,"h":96}
},
{
	"filename": "ZombieDogWalkDown 1.png",
	"frame": {"x":1077,"y":1,"w":60,"h":56},
	"rotated": false,
	"trimmed": true,
	"spriteSourceSize": {"x":8,"y":23,"w":60,"h":56},
	"sourceSize": {"w":72,"h":96}
},
{
	"filename": "ZombieDogWalkDown 2.png",
	"frame": {"x":824,"y":1,"w":63,"h":51},
	"rotated": false,
	"trimmed": true,
	"spriteSourceSize": {"x":5,"y":24,"w":63,"h":51},
	"sourceSize": {"w":72,"h":96}
},
{
	"filename": "ZombieDogWalkDown 3.png",
	"frame": {"x":562,"y":1,"w":65,"h":51},
	"rotated": false,
	"trimmed": true,
	"spriteSourceSize": {"x":3,"y":23,"w":65,"h":51},
	"sourceSize": {"w":72,"h":96}
},
{
	"filename": "ZombieDogWalkDown 4.png",
	"frame": {"x":952,"y":1,"w":61,"h":52},
	"rotated": false,
	"trimmed": true,
	"spriteSourceSize": {"x":7,"y":24,"w":61,"h":52},
	"sourceSize": {"w":72,"h":96}
},
{
	"filename": "ZombieDogWalkDown 5.png",
	"frame": {"x":1063,"y":94,"w":58,"h":52},
	"rotated": false,
	"trimmed": true,
	"spriteSourceSize": {"x":10,"y":23,"w":58,"h":52},
	"sourceSize": {"w":72,"h":96}
},
{
	"filename": "ZombieDogWalkDown 6.png",
	"frame": {"x":1386,"y":94,"w":58,"h":50},
	"rotated": false,
	"trimmed": true,
	"spriteSourceSize": {"x":10,"y":23,"w":58,"h":50},
	"sourceSize": {"w":72,"h":96}
},
{
	"filename": "ZombieDogWalkDown 7.png",
	"frame": {"x":1123,"y":94,"w":58,"h":52},
	"rotated": false,
	"trimmed": true,
	"spriteSourceSize": {"x":10,"y":23,"w":58,"h":52},
	"sourceSize": {"w":72,"h":96}
},
{
	"filename": "ZombieDogWalkUp 0.png",
	"frame": {"x":710,"y":179,"w":56,"h":57},
	"rotated": true,
	"trimmed": true,
	"spriteSourceSize": {"x":9,"y":21,"w":56,"h":57},
	"sourceSize": {"w":72,"h":96}
},
{
	"filename": "ZombieDogWalkUp 1.png",
	"frame": {"x":1685,"y":1,"w":55,"h":59},
	"rotated": true,
	"trimmed": true,
	"spriteSourceSize": {"x":10,"y":21,"w":55,"h":59},
	"sourceSize": {"w":72,"h":96}
},
{
	"filename": "ZombieDogWalkUp 2.png",
	"frame": {"x":59,"y":130,"w":56,"h":61},
	"rotated": false,
	"trimmed": true,
	"spriteSourceSize": {"x":9,"y":21,"w":56,"h":61},
	"sourceSize": {"w":72,"h":96}
},
{
	"filename": "ZombieDogWalkUp 3.png",
	"frame": {"x":1,"y":133,"w":56,"h":64},
	"rotated": false,
	"trimmed": true,
	"spriteSourceSize": {"x":9,"y":21,"w":56,"h":64},
	"sourceSize": {"w":72,"h":96}
},
{
	"filename": "ZombieDogWalkUp 4.png",
	"frame": {"x":1201,"y":1,"w":56,"h":60},
	"rotated": true,
	"trimmed": true,
	"spriteSourceSize": {"x":9,"y":21,"w":56,"h":60},
	"sourceSize": {"w":72,"h":96}
},
{
	"filename": "ZombieDogWalkUp 5.png",
	"frame": {"x":710,"y":87,"w":56,"h":58},
	"rotated": false,
	"trimmed": true,
	"spriteSourceSize": {"x":9,"y":21,"w":56,"h":58},
	"sourceSize": {"w":72,"h":96}
},
{
	"filename": "ZombieDogWalkUp 6.png",
	"frame": {"x":1215,"y":93,"w":55,"h":57},
	"rotated": true,
	"trimmed": true,
	"spriteSourceSize": {"x":10,"y":21,"w":55,"h":57},
	"sourceSize": {"w":72,"h":96}
},
{
	"filename": "ZombieDogWalkUp 7.png",
	"frame": {"x":1503,"y":1,"w":58,"h":57},
	"rotated": false,
	"trimmed": true,
	"spriteSourceSize": {"x":10,"y":21,"w":58,"h":57},
	"sourceSize": {"w":72,"h":96}
},
{
	"filename": "ZombieWalkDown 0.png",
	"frame": {"x":1246,"y":218,"w":30,"h":56},
	"rotated": true,
	"trimmed": true,
	"spriteSourceSize": {"x":24,"y":21,"w":30,"h":56},
	"sourceSize": {"w":72,"h":96}
},
{
	"filename": "ZombieWalkDown 1.png",
	"frame": {"x":1721,"y":101,"w":27,"h":57},
	"rotated": true,
	"trimmed": true,
	"spriteSourceSize": {"x":24,"y":21,"w":27,"h":57},
	"sourceSize": {"w":72,"h":96}
},
{
	"filename": "ZombieWalkDown 2.png",
	"frame": {"x":1187,"y":218,"w":30,"h":57},
	"rotated": true,
	"trimmed": true,
	"spriteSourceSize": {"x":24,"y":21,"w":30,"h":57},
	"sourceSize": {"w":72,"h":96}
},
{
	"filename": "ZombieWalkDown 3.png",
	"frame": {"x":1379,"y":218,"w":30,"h":56},
	"rotated": true,
	"trimmed": true,
	"spriteSourceSize": {"x":22,"y":21,"w":30,"h":56},
	"sourceSize": {"w":72,"h":96}
},
{
	"filename": "ZombieWalkDown 4.png",
	"frame": {"x":1532,"y":182,"w":29,"h":56},
	"rotated": false,
	"trimmed": true,
	"spriteSourceSize": {"x":24,"y":21,"w":29,"h":56},
	"sourceSize": {"w":72,"h":96}
},
{
	"filename": "ZombieWalkDown 5.png",
	"frame": {"x":1499,"y":182,"w":31,"h":56},
	"rotated": false,
	"trimmed": true,
	"spriteSourceSize": {"x":24,"y":21,"w":31,"h":56},
	"sourceSize": {"w":72,"h":96}
},
{
	"filename": "ZombieWalkDown 6.png",
	"frame": {"x":1441,"y":182,"w":33,"h":56},
	"rotated": true,
	"trimmed": true,
	"spriteSourceSize": {"x":24,"y":21,"w":33,"h":56},
	"sourceSize": {"w":72,"h":96}
},
{
	"filename": "ZombieWalkDown 7.png",
	"frame": {"x":1563,"y":184,"w":29,"h":56},
	"rotated": true,
	"trimmed": true,
	"spriteSourceSize": {"x":24,"y":21,"w":29,"h":56},
	"sourceSize": {"w":72,"h":96}
},
{
	"filename": "ZombieWalkUp 0.png",
	"frame": {"x":1621,"y":188,"w":25,"h":58},
	"rotated": true,
	"trimmed": true,
	"spriteSourceSize": {"x":26,"y":20,"w":25,"h":58},
	"sourceSize": {"w":72,"h":96}
},
{
	"filename": "ZombieWalkUp 1.png",
	"frame": {"x":1721,"y":130,"w":25,"h":58},
	"rotated": true,
	"trimmed": true,
	"spriteSourceSize": {"x":26,"y":20,"w":25,"h":58},
	"sourceSize": {"w":72,"h":96}
},
{
	"filename": "ZombieWalkUp 2.png",
	"frame": {"x":1781,"y":101,"w":25,"h":57},
	"rotated": false,
	"trimmed": true,
	"spriteSourceSize": {"x":26,"y":20,"w":25,"h":57},
	"sourceSize": {"w":72,"h":96}
},
{
	"filename": "ZombieWalkUp 3.png",
	"frame": {"x":1693,"y":157,"w":25,"h":58},
	"rotated": true,
	"trimmed": true,
	"spriteSourceSize": {"x":26,"y":20,"w":25,"h":58},
	"sourceSize": {"w":72,"h":96}
},
{
	"filename": "ZombieWalkUp 4.png",
	"frame": {"x":1781,"y":160,"w":25,"h":57},
	"rotated": false,
	"trimmed": true,
	"spriteSourceSize": {"x":26,"y":20,"w":25,"h":57},
	"sourceSize": {"w":72,"h":96}
},
{
	"filename": "ZombieWalkUp 5.png",
	"frame": {"x":1686,"y":184,"w":25,"h":58},
	"rotated": true,
	"trimmed": true,
	"spriteSourceSize": {"x":26,"y":20,"w":25,"h":58},
	"sourceSize": {"w":72,"h":96}
},
{
	"filename": "ZombieWalkUp 6.png",
	"frame": {"x":1736,"y":219,"w":25,"h":58},
	"rotated": true,
	"trimmed": true,
	"spriteSourceSize": {"x":26,"y":20,"w":25,"h":58},
	"sourceSize": {"w":72,"h":96}
},
{
	"filename": "ZombieWalkUp 7.png",
	"frame": {"x":1753,"y":157,"w":26,"h":58},
	"rotated": false,
	"trimmed": true,
	"spriteSourceSize": {"x":25,"y":20,"w":26,"h":58},
	"sourceSize": {"w":72,"h":96}
}],
"meta": {
	"app": "https://www.codeandweb.com/texturepacker",
	"version": "1.0",
	"image": "CemeteryLevel.png",
	"format": "RGBA8888",
	"size": {"w":1815,"h":249},
	"scale": "1",
	"smartupdate": "$TexturePacker:SmartUpdate:958a49252975266f4a467bcf85f60697:b751401efe95b3c1f0dfca66fc7ffbaf:1c4f010f9b1bba8627adb847fafda23c$"
}
}
