{
  "frames": [
    {
      "filename": "LichWalkDownRight 0.png",
      "frame": {
        "x": 72,
        "y": 251,
        "w": 33,
        "h": 63
      },
      "rotated": false,
      "trimmed": true,
      "spriteSourceSize": {
        "x": 22,
        "y": 19,
        "w": 33,
        "h": 63
      },
      "sourceSize": {
        "w": 72,
        "h": 96
      }
    },
    {
      "filename": "LichWalkDownRight 1.png",
      "frame": {
        "x": 36,
        "y": 62,
        "w": 31,
        "h": 59
      },
      "rotated": false,
      "trimmed": true,
      "spriteSourceSize": {
        "x": 24,
        "y": 19,
        "w": 31,
        "h": 59
      },
      "sourceSize": {
        "w": 72,
        "h": 96
      }
    },
    {
      "filename": "LichWalkDownRight 2.png",
      "frame": {
        "x": 36,
        "y": 187,
        "w": 35,
        "h": 59
      },
      "rotated": false,
      "trimmed": true,
      "spriteSourceSize": {
        "x": 24,
        "y": 19,
        "w": 35,
        "h": 59
      },
      "sourceSize": {
        "w": 72,
        "h": 96
      }
    },
    {
      "filename": "LichWalkDownRight 3.png",
      "frame": {
        "x": 69,
        "y": 62,
        "w": 32,
        "h": 58
      },
      "rotated": false,
      "trimmed": true,
      "spriteSourceSize": {
        "x": 23,
        "y": 19,
        "w": 32,
        "h": 58
      },
      "sourceSize": {
        "w": 72,
        "h": 96
      }
    },
    {
      "filename": "LichWalkDownRight 4.png",
      "frame": {
        "x": 1,
        "y": 62,
        "w": 33,
        "h": 56
      },
      "rotated": false,
      "trimmed": true,
      "spriteSourceSize": {
        "x": 22,
        "y": 19,
        "w": 33,
        "h": 56
      },
      "sourceSize": {
        "w": 72,
        "h": 96
      }
    },
    {
      "filename": "LichWalkDownRight 5.png",
      "frame": {
        "x": 33,
        "y": 123,
        "w": 33,
        "h": 60
      },
      "rotated": false,
      "trimmed": true,
      "spriteSourceSize": {
        "x": 22,
        "y": 19,
        "w": 33,
        "h": 60
      },
      "sourceSize": {
        "w": 72,
        "h": 96
      }
    },
    {
      "filename": "LichWalkDownRight 6.png",
      "frame": {
        "x": 35,
        "y": 251,
        "w": 35,
        "h": 60
      },
      "rotated": false,
      "trimmed": true,
      "spriteSourceSize": {
        "x": 20,
        "y": 19,
        "w": 35,
        "h": 60
      },
      "sourceSize": {
        "w": 72,
        "h": 96
      }
    },
    {
      "filename": "LichWalkDownRight 7.png",
      "frame": {
        "x": 73,
        "y": 187,
        "w": 32,
        "h": 62
      },
      "rotated": false,
      "trimmed": true,
      "spriteSourceSize": {
        "x": 23,
        "y": 19,
        "w": 32,
        "h": 62
      },
      "sourceSize": {
        "w": 72,
        "h": 96
      }
    },
    {
      "filename": "LichWalkUpRight 0.png",
      "frame": {
        "x": 68,
        "y": 123,
        "w": 31,
        "h": 62
      },
      "rotated": false,
      "trimmed": true,
      "spriteSourceSize": {
        "x": 25,
        "y": 15,
        "w": 31,
        "h": 62
      },
      "sourceSize": {
        "w": 72,
        "h": 96
      }
    },
    {
      "filename": "LichWalkUpRight 1.png",
      "frame": {
        "x": 1,
        "y": 251,
        "w": 32,
        "h": 62
      },
      "rotated": false,
      "trimmed": true,
      "spriteSourceSize": {
        "x": 25,
        "y": 15,
        "w": 32,
        "h": 62
      },
      "sourceSize": {
        "w": 72,
        "h": 96
      }
    },
    {
      "filename": "LichWalkUpRight 2.png",
      "frame": {
        "x": 1,
        "y": 187,
        "w": 33,
        "h": 60
      },
      "rotated": false,
      "trimmed": true,
      "spriteSourceSize": {
        "x": 25,
        "y": 15,
        "w": 33,
        "h": 60
      },
      "sourceSize": {
        "w": 72,
        "h": 96
      }
    },
    {
      "filename": "LichWalkUpRight 3.png",
      "frame": {
        "x": 1,
        "y": 123,
        "w": 30,
        "h": 61
      },
      "rotated": false,
      "trimmed": true,
      "spriteSourceSize": {
        "x": 25,
        "y": 15,
        "w": 30,
        "h": 61
      },
      "sourceSize": {
        "w": 72,
        "h": 96
      }
    },
    {
      "filename": "LichWalkUpRight 4.png",
      "frame": {
        "x": 29,
        "y": 1,
        "w": 27,
        "h": 59
      },
      "rotated": false,
      "trimmed": true,
      "spriteSourceSize": {
        "x": 25,
        "y": 15,
        "w": 27,
        "h": 59
      },
      "sourceSize": {
        "w": 72,
        "h": 96
      }
    },
    {
      "filename": "LichWalkUpRight 5.png",
      "frame": {
        "x": 1,
        "y": 1,
        "w": 26,
        "h": 58
      },
      "rotated": false,
      "trimmed": true,
      "spriteSourceSize": {
        "x": 25,
        "y": 15,
        "w": 26,
        "h": 58
      },
      "sourceSize": {
        "w": 72,
        "h": 96
      }
    },
    {
      "filename": "LichWalkUpRight 6.png",
      "frame": {
        "x": 58,
        "y": 1,
        "w": 31,
        "h": 56
      },
      "rotated": false,
      "trimmed": true,
      "spriteSourceSize": {
        "x": 25,
        "y": 15,
        "w": 31,
        "h": 56
      },
      "sourceSize": {
        "w": 72,
        "h": 96
      }
    },
    {
      "filename": "LichWalkUpRight 7.png",
      "frame": {
        "x": 91,
        "y": 1,
        "w": 30,
        "h": 57
      },
      "rotated": false,
      "trimmed": true,
      "spriteSourceSize": {
        "x": 25,
        "y": 15,
        "w": 30,
        "h": 57
      },
      "sourceSize": {
        "w": 72,
        "h": 96
      }
    },
    {
      "filename": "LichWalkDownLeft 0.png",
      "frame": {
        "x": 105,
        "y": 251,
        "w": -33,
        "h": 63
      },
      "rotated": false,
      "trimmed": true,
      "spriteSourceSize": {
        "x": 17,
        "y": 19,
        "w": 33,
        "h": 63
      },
      "sourceSize": {
        "w": 72,
        "h": 96
      }
    },
    {
      "filename": "LichWalkDownLeft 1.png",
      "frame": {
        "x": 67,
        "y": 62,
        "w": -31,
        "h": 59
      },
      "rotated": false,
      "trimmed": true,
      "spriteSourceSize": {
        "x": 17,
        "y": 19,
        "w": 31,
        "h": 59
      },
      "sourceSize": {
        "w": 72,
        "h": 96
      }
    },
    {
      "filename": "LichWalkDownLeft 2.png",
      "frame": {
        "x": 71,
        "y": 187,
        "w": -35,
        "h": 59
      },
      "rotated": false,
      "trimmed": true,
      "spriteSourceSize": {
        "x": 13,
        "y": 19,
        "w": 35,
        "h": 59
      },
      "sourceSize": {
        "w": 72,
        "h": 96
      }
    },
    {
      "filename": "LichWalkDownLeft 3.png",
      "frame": {
        "x": 101,
        "y": 62,
        "w": -32,
        "h": 58
      },
      "rotated": false,
      "trimmed": true,
      "spriteSourceSize": {
        "x": 17,
        "y": 19,
        "w": 32,
        "h": 58
      },
      "sourceSize": {
        "w": 72,
        "h": 96
      }
    },
    {
      "filename": "LichWalkDownLeft 4.png",
      "frame": {
        "x": 34,
        "y": 62,
        "w": -33,
        "h": 56
      },
      "rotated": false,
      "trimmed": true,
      "spriteSourceSize": {
        "x": 17,
        "y": 19,
        "w": 33,
        "h": 56
      },
      "sourceSize": {
        "w": 72,
        "h": 96
      }
    },
    {
      "filename": "LichWalkDownLeft 5.png",
      "frame": {
        "x": 66,
        "y": 123,
        "w": -33,
        "h": 60
      },
      "rotated": false,
      "trimmed": true,
      "spriteSourceSize": {
        "x": 17,
        "y": 19,
        "w": 33,
        "h": 60
      },
      "sourceSize": {
        "w": 72,
        "h": 96
      }
    },
    {
      "filename": "LichWalkDownLeft 6.png",
      "frame": {
        "x": 70,
        "y": 251,
        "w": -35,
        "h": 60
      },
      "rotated": false,
      "trimmed": true,
      "spriteSourceSize": {
        "x": 17,
        "y": 19,
        "w": 35,
        "h": 60
      },
      "sourceSize": {
        "w": 72,
        "h": 96
      }
    },
    {
      "filename": "LichWalkDownLeft 7.png",
      "frame": {
        "x": 105,
        "y": 187,
        "w": -32,
        "h": 62
      },
      "rotated": false,
      "trimmed": true,
      "spriteSourceSize": {
        "x": 17,
        "y": 19,
        "w": 32,
        "h": 62
      },
      "sourceSize": {
        "w": 72,
        "h": 96
      }
    },
    {
      "filename": "LichWalkUpLeft 0.png",
      "frame": {
        "x": 99,
        "y": 123,
        "w": -31,
        "h": 62
      },
      "rotated": false,
      "trimmed": true,
      "spriteSourceSize": {
        "x": 16,
        "y": 15,
        "w": 31,
        "h": 62
      },
      "sourceSize": {
        "w": 72,
        "h": 96
      }
    },
    {
      "filename": "LichWalkUpLeft 1.png",
      "frame": {
        "x": 33,
        "y": 251,
        "w": -32,
        "h": 62
      },
      "rotated": false,
      "trimmed": true,
      "spriteSourceSize": {
        "x": 15,
        "y": 15,
        "w": 32,
        "h": 62
      },
      "sourceSize": {
        "w": 72,
        "h": 96
      }
    },
    {
      "filename": "LichWalkUpLeft 2.png",
      "frame": {
        "x": 34,
        "y": 187,
        "w": -33,
        "h": 60
      },
      "rotated": false,
      "trimmed": true,
      "spriteSourceSize": {
        "x": 14,
        "y": 15,
        "w": 33,
        "h": 60
      },
      "sourceSize": {
        "w": 72,
        "h": 96
      }
    },
    {
      "filename": "LichWalkUpLeft 3.png",
      "frame": {
        "x": 31,
        "y": 123,
        "w": -30,
        "h": 61
      },
      "rotated": false,
      "trimmed": true,
      "spriteSourceSize": {
        "x": 17,
        "y": 15,
        "w": 30,
        "h": 61
      },
      "sourceSize": {
        "w": 72,
        "h": 96
      }
    },
    {
      "filename": "LichWalkUpLeft 4.png",
      "frame": {
        "x": 56,
        "y": 1,
        "w": -27,
        "h": 59
      },
      "rotated": false,
      "trimmed": true,
      "spriteSourceSize": {
        "x": 20,
        "y": 15,
        "w": 27,
        "h": 59
      },
      "sourceSize": {
        "w": 72,
        "h": 96
      }
    },
    {
      "filename": "LichWalkUpLeft 5.png",
      "frame": {
        "x": 27,
        "y": 1,
        "w": -26,
        "h": 58
      },
      "rotated": false,
      "trimmed": true,
      "spriteSourceSize": {
        "x": 21,
        "y": 15,
        "w": 26,
        "h": 58
      },
      "sourceSize": {
        "w": 72,
        "h": 96
      }
    },
    {
      "filename": "LichWalkUpLeft 6.png",
      "frame": {
        "x": 89,
        "y": 1,
        "w": -31,
        "h": 56
      },
      "rotated": false,
      "trimmed": true,
      "spriteSourceSize": {
        "x": 16,
        "y": 15,
        "w": 31,
        "h": 56
      },
      "sourceSize": {
        "w": 72,
        "h": 96
      }
    },
    {
      "filename": "LichWalkUpLeft 7.png",
      "frame": {
        "x": 121,
        "y": 1,
        "w": -30,
        "h": 57
      },
      "rotated": false,
      "trimmed": true,
      "spriteSourceSize": {
        "x": 17,
        "y": 15,
        "w": 30,
        "h": 57
      },
      "sourceSize": {
        "w": 72,
        "h": 96
      }
    }
  ],
  "meta": {
    "app": "https://www.codeandweb.com/texturepacker",
    "version": "1.0",
    "image": "LichAtlas.png",
    "format": "RGBA8888",
    "size": {
      "w": 122,
      "h": 315
    },
    "scale": "1",
    "smartupdate": "$TexturePacker:SmartUpdate:c31ddcd4ac0001e330eaaeb8d33a5c50:c80fe3ec74f8d39e35f24fe635ca22fc:123faa587d46c697217a8b43d32e8bc6$"
  }
}